epoch,train_loss,test_loss
1,0.004578869789838791,0.00014249536616262048
2,0.0005182925378903747,4.263850996721885e-07
3,0.00023115598014555871,0.00024235148157458752
4,0.000667089014314115,0.0002739829651545733
5,0.00014168405323289335,4.957975761499256e-05
6,1.7334421499981545e-05,0.00023355170560535043
7,6.2148233226366756e-09,0.0002182894095312804
8,3.1684497248107846e-09,0.0002103058941429481
9,2.281530742109794e-09,0.0002025048015639186
10,1.7184299538897108e-09,0.00019481219351291656
